[
	{
		"name": "Replace engine oil",
		"category": "auto",
		"repeat": 180,
		"itemsNeeded": [
			"Engine oil"
		]
	},
	{
		"name": "Replace AC filter every 30 days",
		"category": "home",
		"repeat": 30,
		"itemsNeeded": [
			"AC filter"
		]
	},
	{
		"name": "Clean up your pool",
		"category": "garden",
		"repeat": 30,
		"itemsNeeded": [
			"Pool cleaner"
		]
	},
	{
		"name": "Clean your yard!",
		"category": "garden",
		"repeat": 90,
		"itemsNeeded": [
			"Rake",
			"Leaf blower",
			"Weelbarrow"
		]
	},
	{
		"name": "Check for signs of termites/pests",
		"category": "garden",
		"repeat": 180,
		"itemsNeeded": []
	},
	{
		"name": "Power wash your driveway",
		"category": "garden",
		"repeat": 180,
		"itemsNeeded": [
			"Hose"
		]
	},
	{
		"name": "Power wash your walls",
		"category": "garden",
		"repeat": 180,
		"itemsNeeded": [
			"Hose"
		]
	},
	{
		"name": "Winterize exterior plumbing",
		"category": "garden",
		"repeat": 365,
		"itemsNeeded": []
	},
	{
		"name": "Polish your furniture",
		"category": "home",
		"repeat": 30,
		"itemsNeeded": []
	},
	{
		"name": "Inspect water drainage",
		"category": "garden",
		"repeat": 180,
		"itemsNeeded": [
			"Flashlight"
		]
	},
	{
		"name": "Wash your carpets and mats",
		"category": "home",
		"repeat": 30,
		"itemsNeeded": [
			"Carpet washer",
			"Carpet cleaning liquid"
		]
	},
	{
		"name": "Clean blinds and drapes",
		"category": "home",
		"repeat": 90,
		"itemsNeeded": []
	},
	{
		"name": "Wash your windows from outside and inside",
		"category": "home",
		"repeat": 180,
		"itemsNeeded": [
			"Window cleaner",
			"Micro-fiber towel"
		]
	},
	{
		"name": "Clean your basement",
		"category": "home",
		"repeat": 365,
		"itemsNeeded": [
			"Vacuum cleaner",
			"Broom"
		]
	},
	{
		"name": "Clean light fixtures",
		"category": "home",
		"repeat": 180,
		"itemsNeeded": []
	},
	{
		"name": "Reorganize kitchen cabinets and shelves",
		"category": "home",
		"repeat": 180,
		"itemsNeeded": []
	},
	{
		"name": "Wash interior walls",
		"category": "home",
		"repeat": 365,
		"itemsNeeded": [
			"Mop"
		]
	},
	{
		"name": "Wash your sheets",
		"category": "home",
		"repeat": 7,
		"itemsNeeded": [
			"Detergent"
		]
	},
	{
		"name": "Wash your curtains",
		"category": "home",
		"repeat": 180,
		"itemsNeeded": [
			"Detergent"
		]
	},
	{
		"name": "Test garage door reverse feature",
		"category": "home",
		"repeat": 365,
		"itemsNeeded": []
	},
	{
		"name": "Clean dryer vent",
		"category": "home",
		"repeat": 180,
		"itemsNeeded": []
	},
	{
		"name": "Clean air conditioning ducts",
		"category": "home",
		"repeat": 365,
		"itemsNeeded": []
	},
	{
		"name": "Clean your chimney",
		"category": "home",
		"repeat": 365,
		"itemsNeeded": [
			"Chimney brush",
			"Fireplace cover",
			"Mirror",
			"Tarp"
		]
	},
	{
		"name": "Flush your water heater",
		"category": "home",
		"repeat": 365,
		"itemsNeeded": []
	},
	{
		"name": "Paint/touch-up your interior walls",
		"category": "home",
		"repeat": 365,
		"itemsNeeded": []
	},
	{
		"name": "Vacuum your carpet",
		"category": "home",
		"repeat": 30,
		"itemsNeeded": []
	},
	{
		"name": "Clean your fridge",
		"category": "home",
		"repeat": 90,
		"itemsNeeded": []
	},
	{
		"name": "Polish wood furniture",
		"category": "home",
		"repeat": 180,
		"itemsNeeded": [
			"Wood polish"
		]
	},
	{
		"name": "Polish leather furniture",
		"category": "home",
		"repeat": 180,
		"itemsNeeded": [
			"Leather polish"
		]
	},
	{
		"name": "Polish metal fixtures",
		"category": "home",
		"repeat": 180,
		"itemsNeeded": [
			"Metal polish"
		]
	},
	{
		"name": "Dust the hard-to-reach places",
		"category": "home",
		"repeat": 60,
		"itemsNeeded": []
	},
	{
		"name": "Wash your carpets",
		"category": "home",
		"repeat": 60,
		"itemsNeeded": []
	},
	{
		"name": "Wash tile grout",
		"category": "home",
		"repeat": 60,
		"itemsNeeded": []
	},
	{
		"name": "Replace smoke detector batteries",
		"category": "home",
		"repeat": 180,
		"itemsNeeded": []
	},
	{
		"name": "Vacuum refrigerator coils",
		"category": "home",
		"repeat": 365,
		"itemsNeeded": [
			"Vacuum cleaner"
		]
	},
	{
		"name": "Test water heater pressure",
		"category": "home",
		"repeat": 365,
		"itemsNeeded": []
	},
	{
		"name": "Check and repair caulking",
		"category": "home",
		"repeat": 365,
		"itemsNeeded": [
			"Caulking"
		]
	},
	{
		"name": "Replace fire extinguishers",
		"category": "home",
		"repeat": 180,
		"itemsNeeded": [
			"Fire extinguisher"
		]
	},
	{
		"name": "Reseal stone surfaces",
		"category": "home",
		"repeat": 180,
		"itemsNeeded": []
	},
	{
		"name": "Trim shrubs around air conditioning units",
		"category": "garden",
		"repeat": 180,
		"itemsNeeded": [
			"Garden trimmer"
		]
	},
	{
		"name": "Inspect attic for leaks during heavy rain",
		"category": "home",
		"repeat": 365,
		"itemsNeeded": [
			"Flashlight"
		]
	},
	{
		"name": "Seal exterior wooden decks and balconies",
		"category": "home",
		"repeat": 365,
		"itemsNeeded": []
	},
	{
		"name": "Inspect automatic garage door safety shutoff",
		"repeat": 365,
		"category": "home",
		"itemsNeeded": [
			"Flashlight",
			"Screwdriver"
		]
	},
	{
		"name": "Inspect heating and cooling systems",
		"category": "home",
		"repeat": 180,
		"itemsNeeded": []
	},
	{
		"name": "Clean your stove",
		"repeat": 180,
		"category": "home",
		"itemsNeeded": [
			"Grease remover",
			"Water",
			"Micro-fiber towel"
		]
	},
	{
		"name": "Clean shower heads",
		"repeat": 30,
		"category": "home",
		"itemsNeeded": [
			"Vinegar",
			"Plastic bag"
		]
	},
	{
		"name": "Remove expired food",
		"repeat": 7,
		"category": "home",
		"itemsNeeded": []
	},
	{
		"name": "Check Sprinklers",
		"repeat": 180,
		"category": "home",
		"itemsNeeded": [
			"Screwdriver"
		]
	},
	{
		"name": "Descale Coffee maker",
		"repeat": 90,
		"category": "home",
		"itemsNeeded": []
	},
	{
		"name": "Dust your TV",
		"repeat": 7,
		"category": "home",
		"itemsNeeded": []
	},
	{
		"name": "Prune your plants",
		"repeat": 30,
		"category": "home",
		"itemsNeeded": []
	},
	{
		"name": "Inspect your car's brakes",
		"category": "auto",
		"repeat": 180,
		"itemsNeeded": []
	},
	{
		"name": "Inspect car AC filter",
		"category": "auto",
		"repeat": 180,
		"itemsNeeded": []
	},
	{
		"name": "Inspect hoses and belts",
		"category": "auto",
		"repeat": 180,
		"itemsNeeded": []
	},
	{
		"name": "Replace car engine filter",
		"category": "auto",
		"repeat": 180,
		"itemsNeeded": []
	},
	{
		"name": "Check car lights",
		"category": "auto",
		"repeat": 360,
		"itemsNeeded": []
	},
	{
		"name": "Check windshield washer fluid",
		"category": "auto",
		"itemsNeeded": [],
		"repeat": 180
	},
	{
		"name": "Wash your car",
		"repeat": 60,
		"category": "auto",
		"itemsNeeded": [
			"Water",
			"Mop",
			"Micro-fiber towel",
			"Soap"
		]
	},
	{
		"name": "Replace wiper blades",
		"repeat": 180,
		"category": "auto",
		"itemsNeeded": []
	},
	{
		"name": "Check car battery",
		"repeat": 1826,
		"category": "auto",
		"itemsNeeded": []
	},
	{
		"name": "Wash your toilet",
		"repeat": 7,
		"category": "home",
		"itemsNeeded": [
			"Toilet cleaner",
			"Toilet brush",
			"Plunger"
		]
	},
	{
		"name": "Wipe down stair railings",
		"repeat": 180,
		"category": "home",
		"itemsNeeded": [
			"Micro-fiber towel",
			"Disinfectant wipes"
		]
	},
	{
		"name": "Clean fridge coils and grill",
		"repeat": 180,
		"category": "home",
		"itemsNeeded": []
	},
	{
		"name": "Inspect hoses connecting to washing machine",
		"repeat": 180,
		"category": "home",
		"itemsNeeded": [
			"Flashlight"
		]
	},
	{
		"name": "Test power outlets",
		"repeat": 365,
		"category": "home",
		"itemsNeeded": [
			"Anything which requires electricity"
		]
	},
	{
		"name": "Lubricate garage door",
		"repeat": 365,
		"category": "auto",
		"itemsNeeded": [
			"Garage door lubricant"
		]
	},
	{
		"name": "Remove mineral deposits from shower/sink faucets, taps, and heads",
		"repeat": 180,
		"category": "home",
		"itemsNeeded": [
			"Micro-fiber towel"
		]
	},
	{
		"name": "Clean bathroom exhaust fan",
		"repeat": 90,
		"category": "home",
		"itemsNeeded": [
			"Micro-fiber towel"
		]
	},
	{
		"name": "Inspect roof for damage",
		"repeat": 365,
		"category": "home",
		"itemsNeeded": [
			"Flashlight",
			"Drone (optional, to check from aerial point of view)"
		]
	},
	{
		"name": "Insulate outdoor and indoor pipes",
		"repeat": 180,
		"category": "home",
		"itemsNeeded": []
	},
	{
		"name": "Fertilize your lawn",
		"repeat": 90,
		"category": "garden",
		"itemsNeeded": [
			"Lawn fertilizer"
		]
	},
	{
		"name": "Wipe all ceiling fans",
		"repeat": 30,
		"category": "home",
		"itemsNeeded": [
			"Micro-fiber towel"
		]
	},
	{
		"name": "Flip mattresses",
		"repeat": 90,
		"category": "home",
		"itemsNeeded": []
	},
	{
		"name": "Clean your garage",
		"repeat": 180,
		"category": "auto",
		"itemsNeeded": [
			"Micro-fiber towel",
			"Screwdriver",
			"Flashlight",
			"Mop",
			"Broom"
		]
	},
	{
		"name": "Vacuum curtains & upholdestry",
		"repeat": 180,
		"category": "home",
		"itemsNeeded": [
			"Vacuum cleaner"
		]
	},
	{
		"name": "Polish silverware and copper",
		"repeat": 365,
		"category": "home",
		"itemsNeeded": [
			"Silver polish"
		]
	},
	{
		"name": "Dust lampshades",
		"repeat": 90,
		"category": "home",
		"itemsNeeded": [
			"Micro-fiber towel"
		]
	},
	{
		"name": "Dust electronics",
		"repeat": 90,
		"category": "home",
		"itemsNeeded": [
			"Micro-fiber towel"
		]
	},
	{
		"name": "Oil door hinges",
		"repeat": 365,
		"category": "home",
		"itemsNeeded": [
			"Lubricant oil"
		]
	},
	{
		"name": "Wipe telephones",
		"repeat": 90,
		"category": "home",
		"itemsNeeded": [
			"Micro-fiber towel"
		]
	},
	{
		"name": "Wipe switch plates",
		"repeat": 30,
		"category": "home",
		"itemsNeeded": [
			"Micro-fiber towel"
		]
	},
	{
		"name": "Wipe ceiling with a mop",
		"repeat": 365,
		"category": "home",
		"itemsNeeded": [
			"Micro-fiber towel"
		]
	},
	{
		"name": "Fluff sofa cushions",
		"repeat": 180,
		"category": "home",
		"itemsNeeded": []
	},
	{
		"name": "Wipe mirrors",
		"repeat": 180,
		"category": "home",
		"itemsNeeded": [
			"Glass cleaner"
		]
	},
	{
		"name": "Insulate outdoor and indoor pipes",
		"repeat": 180,
		"category": "home",
		"itemsNeeded": []
	},
	{
		"name": "Inspect fuel filter",
		"repeat": 60,
		"category": "auto",
		"itemsNeeded": [
			"Flashlight"
		]
	},
	{
		"repeat": 90,
		"area": "Walkways",
		"category": "Inspection / Repair",
		"itemsNeeded": [],
		"name": "Fill cracks / seal asphalt"
	},
	{
		"repeat": 90,
		"area": "HVAC",
		"category": "Cleaning",
		"name": "Sanitize AC drain line.",
		"itemsNeeded": []
	},
	{
		"repeat": 90,
		"area": "Appliances",
		"category": "Cleaning",
		"name": "Clean AC condensor"
	}
]